title,year,gross
Star Wars: Episode VII - The Force Awakens,2015,2068223624
Jurassic World,2015,1670400637
Furious 7,2015,1515047671
Avengers: Age of Ultron,2015,1402805868
Minions,2015,1159398397
Spectre,2015,880674609
Inside Out,2015,857611174
Mission: Impossible - Rogue Nation,2015,682714267
The Hunger Games: Mockingjay - Part 2,2015,653428261
The Martian,2015,630161890
Fifty Shades of Grey,2015,569651467
Cinderella,2015,542351353
The Revenant,2015,532950503
Ant-Man,2015,519311965
Hotel Transylvania 2,2015,474800000
San Andreas,2015,474590832
Terminator Genisys,2015,440603537
Kingsman: The Secret Service,2015,414351546
Monster Hunt,2015,387053506
Home,2015,386041607
Mad Max: Fury Road,2015,379436354
The Good Dinosaur,2015,332207671
Taken 3,2015,326479141
The SpongeBob Movie: Sponge Out of Water,2015,325186032
Maze Runner: The Scorch Trials,2015,312296056
The Divergent Series: Insurgent,2015,297002527
Pitch Perfect 2,2015,287144079
Mojin: The Lost Legend,2015,259368448
Lost in Hong Kong,2015,256283912
The Peanuts Movie,2015,246233113
Pixels,2015,244874809
Daddy's Home,2015,242786137
Spy,2015,235666219
Alvin and the Chipmunks: The Road Chip,2015,234798636
Goodbye Mr. Loser,2015,228122928
Ted 2,2015,215863606
Tomorrowland,2015,209035668
Everest,2015,203427584
Straight Outta Compton,2015,201634991
The Intern,2015,194764672
Jian Bing Man,2015,186683536
Jupiter Ascending,2015,184287723
Creed,2015,174167581
Fantastic Four,2015,167882881
Bridge of Spies,2015,165478348
From Vegas to Macau II,2015,163877532
Focus,2015,159162963
Goosebumps,2015,158260952
Ip Man 3,2015,156954938
The Hateful Eight,2015,155760117
Monkey King: Hero Is Back,2015,153262397
Gods of Egypt,2015,150680864
The Last Witch Hunter,2015,146936910
Trainwreck,2015,140795793
Mr. Six,2015,139191345
Point Break,2015,133782481
The Big Short,2015,133440870
Pan,2015,128988320
Detective Chinatown,2015,125842935
Wolf Totem,2015,125837070
Ride Along 2,2015,124605297
Magic Mike XXL,2015,122613057
Dragon Blade,2015,122593849
Insidious: Chapter 3,2015,112983889
Get Hard,2015,111811453
The Man from U.N.C.L.E.,2015,110045109
The 5th Wave,2015,109906372
Paul Blart: Mall Cop 2,2015,107588225
Vacation,2015,107228221
Chronicles of the Ghostly Tribe,2015,106380000
Shaun the Sheep Movie,2015,106209378
Sisters,2015,105011053
Chappie,2015,102811889
Joy,2015,101134059
Black Mass,2015,99975678
Spotlight,2015,98690254
Devil and Angel,2015,98599942
The Visit,2015,98450062
The Little Prince,2015,97571250
Assassination,2015,96119773
Poltergeist,2015,95437994
Veteran,2015,94393020
In the Heart of the Sea,2015,94320758
Kill Zone 2,2015,93638358
Southpaw,2015,91970827
The Second Best Exotic Marigold Hotel,2015,85978266
Paper Towns,2015,85512300
Sicario,2015,84872444
Our Times,2015,83867493
Suck Me Shakespeer 2,2015,83027924
Hitman: Agent 47,2015,82347656
Wolf Warrior,2015,81411331
Go Away Mr. Tumor,2015,80606893
The Wedding Ringer,2015,79799880
Paranormal Activity: The Ghost Dimension,2015,78903124
The Left Ear,2015,78015473
Tiny Times 4.0,2015,77750000
Bajrangi Bhaijaan,2015,75547184
War Room,2015,73267874
The Transporter Refueled,2015,72629670
Run All Night,2015,71661644
13 Hours: The Secret Soldiers of Benghazi,2015,69411370
Running Man,2015,68782475
A Violent Prosecutor,2015,66736633
The Age of Adaline,2015,65663276
Monk Comes Down the Mountain,2015,64455686
Zhongkui: Snow Girl and the Dark Crystal,2015,64325947
The Danish Girl,2015,64191523
The Boy,2015,64188367
The Hundred Regiments Offensive,2015,63230000
The Longest Ride,2015,62944815
Unfriended,2015,62882090
Brooklyn,2015,62076141
Dragon Ball Z: Resurrection 'F',2015,61768190
Woman in Gold,2015,61619773
Krampus,2015,61548707
The Perfect Guy,2015,60273173
Forever Young,2015,59981902
Miss Granny,2015,59396311
The Gift,2015,58978653
You Are My Sunshine,2015,56640000
No Escape,2015,54418872
Sinister 2,2015,53329150
Detective Conan: Sunflowers of Inferno,2015,52920296
Prem Ratan Dhan Payo,2015,52715771
The Boy Next Door,2015,52425855
The Night Before,2015,52395996
Hollywood Adventures,2015,52265070
"Yo-kai Watch Movie: It's the Secret of Birth, Meow!",2015,51838845
Hot Pursuit,2015,51680201
The Himalayas,2015,50544493
The Boy and the Beast,2015,49714378
Surprise,2015,49567466
Entourage,2015,49263404
The Woman in Black 2: Angel of Death,2015,48854305
Concussion,2015,48623572
Inside Men,2015,47616503
The Dead End,2015,47600000
Boonie Bears: A Mystical Winter,2015,47581416
Mortdecai,2015,47275695
Let's Get Married,2015,45972724
Somewhere Only We Know,2015,45737711
"McFarland, USA",2015,45710059
Hero,2015,45565534
Still Alice,2015,44779195
Max,2015,43956255
The DUFF,2015,43709744
Legend,2015,42972994
The Gallows,2015,42964410
Love the Coopers,2015,42426912
The Throne,2015,42165755
The Lady in the Van,2015,41387687
Ricki and the Flash,2015,41325328
Spanish Affair 2,2015,40591862
Carol,2015,40272135
Northern Limit Line,2015,40034677
Ex-Files 2: The Backup Strikes Back,2015,39108291
Criminal,2015,38803993
Boruto: Naruto the Movie,2015,38362448
The Lazarus Effect,2015,38356892
Helios,2015,37938005
A Walk in the Woods,2015,37461274
Ex Machina,2015,36869414
Burnt,2015,36606743
The Priests,2015,36577134
The New Adventures of Aladdin,2015,35771820
Heidi,2015,35755670
Room,2015,35401758
Lost and Love,2015,34930177
Secret in Their Eyes,2015,34854990
"Dad, Where Are We Going 2",2015,34840000
Doraemon: Nobita no uchuu eiyuuki,2015,34811747
Steve Jobs,2015,34441873
Victor Frankenstein,2015,34227298
The Witness,2015,33963557
Project Almanac,2015,33213241
Dilwale,2015,31994323
Suffragette,2015,31972096
Self/less,2015,31807156
Saving Mr. Wu,2015,31222161
Attack on Titan Part 1,2015,30810658
A Man Called Ove,2015,30692889
Far from the Madding Crowd,2015,30229977
Mr. Holmes,2015,29355203
Love & Mercy,2015,28641776
Flying Colors,2015,28525563
Triumph in the Skies,2015,28085162
The 33,2015,27972023
Bride Wars,2015,27670000
Irrational Man,2015,27391084
Detective K: Secret of the Lost Island,2015,27387870
To the Fore,2015,27267799
American Ultra,2015,27262374
Orange,2015,26261536
Aloha,2015,26250020
Huevos: Little Rooster's Egg-cellent Adventure,2015,25892561
Dügün Dernek 2: Sünnet,2015,25836668
Look Who's Back,2015,25513752
Serial Teachers 2,2015,25364150
Wild City,2015,24817852
Captain America: Civil War,2016,1153296293
Rogue One: A Star Wars Story,2016,1056057273
Finding Dory,2016,1028570889
Zootopia,2016,1023784195
The Jungle Book,2016,966550600
The Secret Life of Pets,2016,875697467
Batman v Superman: Dawn of Justice,2016,874360194
Fantastic Beasts and Where to Find Them,2016,816037575
Deadpool,2016,782612155
Suicide Squad,2016,749200054
Doctor Strange,2016,677718395
Moana,2016,643331111
Sing,2016,634151679
The Mermaid,2016,553810228
X-Men: Apocalypse,2016,543934105
Kung Fu Panda 3,2016,521170825
La La Land,2016,447407695
Warcraft,2016,439048914
Jason Bourne,2016,415484914
Ice Age: Collision Course,2016,408579038
Independence Day: Resurgence,2016,389681935
Your Name.,2016,357986087
The Legend of Tarzan,2016,357243061
The Angry Birds Movie,2016,352333929
Trolls,2016,347013487
Star Trek Beyond,2016,343471816
The Great Wall,2016,334933831
Now You See Me 2,2016,334897606
The Conjuring 2,2016,321370008
Resident Evil: The Final Chapter,2016,312242626
Dangal,2016,303723636
Passengers,2016,303144152
Alice Through the Looking Glass,2016,299457024
Miss Peregrine's Home for Peculiar Children,2016,296482446
Teenage Mutant Ninja Turtles: Out of the Shadows,2016,245623848
Sully,2016,243870033
Assassin's Creed,2016,240697856
Hidden Figures,2016,235956898
Ghostbusters,2016,229147509
Inferno,2016,220021259
Central Intelligence,2016,216940871
Bridget Jones's Baby,2016,211952420
Me Before You,2016,208445075
London Has Fallen,2016,205754447
Arrival,2016,203388186
The BFG,2016,195243411
The Monkey King 2,2016,193678298
Bad Moms,2016,183936074
Storks,2016,183679278
From Vegas to Macau III,2016,181732879
Hacksaw Ridge,2016,180563636
Allegiant,2016,179246868
Operation Mekong,2016,173839072
The Girl on the Train,2016,173185859
The Huntsman: Winter's War,2016,164989338
The Magnificent Seven,2016,162360636
Jack Reacher: Never Go Back,2016,162146076
Don't Breathe,2016,157761002
The Accountant,2016,155560045
Lights Out,2016,149368835
Time Raiders,2016,145819137
Pete's Dragon,2016,143695338
Sausage Party,2016,140705322
Lion,2016,140312928
Skiptrace,2016,136579287
Mechanic: Resurrection,2016,125729635
Deepwater Horizon,2016,121790373
Allied,2016,119520023
I Belonged to You,2016,119107580
The Shallows,2016,119100758
The Purge: Election Year,2016,118587880
Why Him?,2016,118102725
Book of Love,2016,114679097
Office Christmas Party,2016,114501299
How to Be Single,2016,112543513
10 Cloverfield Lane,2016,110216998
Neighbors 2: Sorority Rising,2016,108007109
Cold War 2,2016,103197501
Railroad Tigers,2016,102205175
Some Like It Hot,2016,95721752
Dirty Grandpa,2016,94073028
Ben-Hur,2016,94061311
Money Monster,2016,93282604
Train to Busan,2016,92742323
My Big Fat Greek Wedding 2,2016,90632641
Collateral Beauty,2016,88616021
Line Walker,2016,88228755
Sultan,2016,87280000
War Dogs,2016,86434523
Big Fish & Begonia,2016,85409373
Nerve,2016,85251425
Leap!,2016,84197417
Ouija: Origin of Evil,2016,81705746
Underworld: Blood Wars,2016,81093313
Manchester by the Sea,2016,78988148
The Boss,2016,78844582
Shin Godzilla,2016,77947607
Mike and Dave Need Wedding Dates,2016,77068246
Kubo and the Two Strings,2016,76249438
Quo vado?,2016,75878701
Boo! A Madea Halloween,2016,74827344
Miracles from Heaven,2016,73983003
The Nice Guys,2016,71261763
I Am Not Madame Bovary,2016,70826207
See You Tomorrow,2016,70065569
One Piece Film: Gold,2016,66207073
Moonlight,2016,65172611
Monster Trucks,2016,64493915
Fences,2016,64414761
"Hail, Caesar!",2016,63647656
Huo guo ying xiong,2016,58106427
L.O.R.D: Legend of Ravaging Dynasties,2016,58089494
Nine Lives,2016,57814445
Zoolander 2,2016,56722693
Barbershop: The Next Cut,2016,55630051
The Age of Shadows,2016,54491162
A Chinese Odyssey: Part Three,2016,53306108
Tunnel,2016,52444295
Patriots Day,2016,52185751
My Beloved Bodyguard,2016,52165873
The Finest Hours,2016,52099090
Master,2016,51636415
Doraemon the Movie: Nobita and the Birth of Japan,2016,50939840
The Wailing,2016,49851770
Two Is a Family,2016,49619118
Never Gone,2016,48980792
Luck-Key,2016,48913975
Florence Foster Jenkins,2016,48902953
Mother's Day,2016,48782670
"Yo-kai Watch Movie: It's the Secret of Birth, Meow! 2016 Re-release",2016,47642462
A Monster Calls,2016,47309313
Risen,2016,46432579
Eddie the Eagle,2016,46152800
Blair Witch,2016,45173154
Boonie Bears: The Big Top Secret,2016,45150390
Café Society,2016,43763247
League of Gods,2016,43498766
Almost Christmas,2016,42580920
The Witch,2016,40423945
The Wild Life,2016,40075446
Love O2O,2016,39969537
The Forest,2016,39712000
Absolutely Fabulous: The Movie,2016,39219109
My Mom Is a Character 2,2016,39195565
Masterpiece Mystery: Sherlock: The Abominable Bride,2016,39139204
"Crouching Tiger, Hidden Dragon: Sword of Destiny",2016,38659039
Hell or High Water,2016,37879877
Mission Milano,2016,37749848
The Handmaiden,2016,37692886
Snowden,2016,37357216
Nobunaga Concerto: The Movie,2016,36187594
Eye in the Sky,2016,35259653
Les Tuche 2: The American Dream,2016,35210425
Os Dez Mandamentos - O Filme,2016,31998251
Bounty Hunters,2016,31918573
Ae Dil Hai Mushkil,2016,31668920
Assassination Classroom: The Graduation,2016,31352921
Perfect Strangers,2016,31254929
Billy Lynn's Long Halftime Walk,2016,30930984
Pandora,2016,30896701
Norm of the North,2016,30734502
When the Bough Breaks,2016,30658387
S Storm,2016,30381402
Nocturnal Animals,2016,30311857
A Silent Voice: The Movie,2016,30277098
Keeping Up with the Joneses,2016,29918745
Jackie,2016,29777777
Masterminds,2016,29674699
Flight Crew,2016,29171110
Viking,2016,29161298
M.S. Dhoni: The Untold Story,2016,28903047
Fan,2016,28240000
"Yôkai Watch: the Movie: The Flying Whale and the Grand Adventure of the Double Worlds, Meow!",2016,28110245
Welcome to Germany,2016,28036021
The Brothers Grimsby,2016,27979040
When Larry Meets Mary,2016,27863090
Yesterday Once More,2016,27413790
The Light Between Oceans,2016,25975621
A Beautiful Planet,2016,25730120
Mr. Donkey,2016,25537759
Born in China,2016,25081168
Race,2016,25070261
Call of Heroes,2016,25040561
Free State of Jones,2016,25035950
Whiskey Tango Foxtrot,2016,24972139
Soulmate,2016,24684439
The Snow Queen 3: Fire and Ice,2016,24644317
God's Not Dead 2,2016,24487848
Camping 3,2016,24224579
The Founder,2016,24121245
Bad Santa 2,2016,24079268
Spirits' Homecoming,2016,23857217
Silence,2016,23834809
Kevin Hart: What Now?,2016,23591043
No Manches Frida,2016,23540937
Middle School: The Worst Years of My Life,2016,23316139
Triple 9,2016,23177948
Rock Dog,2016,23139802
The Choice,2016,23064015
Penny Pincher!,2016,22955486
Star Wars: Episode VIII - The Last Jedi,2017,1332539889
Beauty and the Beast,2017,1263521126
The Fate of the Furious,2017,1236005118
Despicable Me 3,2017,1034799409
Jumanji: Welcome to the Jungle,2017,962077546
Spider-Man: Homecoming,2017,880166924
Wolf Warrior 2,2017,870325439
Guardians of the Galaxy Vol. 2,2017,863756051
Thor: Ragnarok,2017,853977126
Wonder Woman,2017,822963408
Coco,2017,807816196
Pirates of the Caribbean: Dead Men Tell No Tales,2017,794861794
It,2017,702781748
Justice League,2017,661324295
Logan,2017,619021436
Transformers: The Last Knight,2017,605425157
Kong: Skull Island,2017,568652812
The Boss Baby,2017,527965936
Dunkirk,2017,526045546
War for the Planet of the Apes,2017,490719763
The Greatest Showman,2017,434993183
Kingsman: The Golden Circle,2017,410902662
The Mummy,2017,409231607
Cars 3,2017,383930656
Fifty Shades Darker,2017,381545846
Murder on the Orient Express,2017,352789811
xXx: Return of Xander Cage,2017,346118277
Never Say Die,2017,334530869
The Lego Batman Movie,2017,312150384
The Ex-File 3: Return of the Exes,2017,307592427
Annabelle: Creation,2017,306592201
Wonder,2017,305937718
Ferdinand,2017,296069199
Split,2017,278454358
Blade Runner 2049,2017,259154159
Kung Fu Yoga,2017,257743016
Get Out,2017,255407969
Baahubali 2: The Conclusion,2017,254158390
Journey to the West: The Demons Strike Back,2017,247585244
Alien: Covenant,2017,240891763
Paddington 2,2017,227291591
Youth,2017,227091290
Baby Driver,2017,226945087
Valerian and the City of a Thousand Planets,2017,225874228
Geostorm,2017,221900160
The Emoji Movie,2017,217776646
A Dog's Purpose,2017,205035819
Smurfs: The Lost Village,2017,197183546
The Shape of Water,2017,195243464
Pitch Perfect 3,2017,185400345
The Hitman's Bodyguard,2017,183415183
Daddy's Home 2,2017,180613180
The Post,2017,179769457
Baywatch,2017,177856751
John Wick: Chapter 2,2017,171539887
Ghost in the Shell,2017,169801921
"Three Billboards Outside Ebbing, Missouri",2017,160060063
Duckweed,2017,152894264
Darkest Hour,2017,150847207
King Arthur: Legend of the Sword,2017,149175066
The Foreigner,2017,145374099
Power Rangers,2017,142337240
Girls Trip,2017,140552359
American Made,2017,134866593
A Bad Moms Christmas,2017,130560428
Happy Death Day,2017,125479266
Captain Underpants: The First Epic Movie,2017,125427681
The Lego Ninjago Movie,2017,123681555
Secret Superstar,2017,122026260
The Commuter,2017,119942387
Forever Young,2017,119055731
The Dark Tower,2017,113231078
Buddies in India,2017,110155128
Along With the Gods: The Two Worlds,2017,109383972
Immortal Demon Slayer,2017,103818506
Jigsaw,2017,102952888
Life,2017,100541806
Atomic Blonde,2017,100014025
Legend of the Demon Cat,2017,97051623
The Shack,2017,96942115
Chasing the Dragon,2017,87965942
Tiger Zinda Hai,2017,87320000
A Taxi Driver,2017,86252940
Going in Style,2017,85218541
Rings,2017,83080890
Once Upon A Time,2017,82886178
Paradox,2017,79226860
Lady Bird,2017,78965611
Fantastica: A Boonie Bears Adventure,2017,77151096
The Nut Job 2: Nutty by Nature,2017,68743485
American Assassin,2017,67234188
Victoria & Abdul,2017,66558465
Suck Me Shakespeer 3,2017,64236772
Detective Conan: Crimson Love Letter,2017,63144805
The Mountain Between Us,2017,62832209
The Star,2017,62812974
How to Be a Latin Lover,2017,62547032
47 Meters Down,2017,62187529
"Everything, Everything",2017,61721140
Doraemon: Great Adventure in the Antarctic Kachi Kochi,2017,61153455
Snatched,2017,60845711
The Founding of an Army,2017,60600361
My Little Pony: The Movie,2017,60330833
Molly's Game,2017,59284015
Xian yi ren X de xian shen,2017,59035664
Shock Wave,2017,58824459
Goldbuster,2017,57628292
All the Money in the World,2017,56996304
The Big Sick,2017,56411585
Confidential Assignment,2017,55972241
All Eyez on Me,2017,55668698
Downsizing,2017,55003890
"I, Tonya",2017,53939297
1987: When the Day Comes,2017,53834292
The Outlaws,2017,52946454
Bleeding Steel,2017,48825526
Logan Lucky,2017,48453605
Boo 2! A Madea Halloween,2017,48333932
Sky Hunter,2017,48065601
Phantom Thread,2017,47756590
Rough Night,2017,47347283
Son of Bigfoot,2017,47046281
Three Seconds,2017,46596415
The Thousand Faces of Dunjia,2017,46263237
The Battleship Island,2017,46183383
Hanson and the Beast,2017,46154323
Gintama Live Action the Movie,2017,45746967
Guilty of Mind,2017,45698503
Flatliners,2017,45158254
Bad Genius,2017,44560421
Mother!,2017,44516999
Wind River,2017,43980821
Battle of Memories,2017,43892362
The Snowman,2017,43155261
Gifted,2017,43046590
Loving Vincent,2017,42187665
Call Me by Your Name,2017,42112584
Mary and the Witch's Flower,2017,41978431
T2 Trainspotting,2017,41681746
Fist Fight,2017,41187017
The Circle,2017,40656399
Diary of a Wimpy Kid: The Long Haul,2017,40140972
Brotherhood of Blades 2,2017,39966092
Midnight Runners,2017,39730433
The King,2017,37886707
Pokémon the Movie: I Choose You!,2017,37552144
Home Again,2017,37270721
The Adventurers,2017,36796816
"Tad, the Lost Explorer, and the Secret of King Midas",2017,35704046
Hostiles,2017,35669017
Namiya,2017,35351623
Destiny: The Tale of Kamakura,2017,35166640
The Liquidator,2017,35046130
Kidnap,2017,34814102
R.A.I.D. Special Unit,2017,34598750
The House,2017,34284504
I Want to Eat Your Pancreas,2017,33748006
Perfect Strangers,2017,33262366
Sleepless,2017,32917353
Hindi Medium,2017,32841493
Steel Rain,2017,32783733
The House That Never Dies II,2017,32433588
The Invisible Guest,2017,31191910
This Is Not What I Expected,2017,30996615
The Last Warrior,2017,30618274
Reset 2017 Re-release,2017,29949252
The Bye Bye Man,2017,29874280
The Disaster Artist,2017,29820616
The Swindlers,2017,29721916
Alibi.com,2017,29370592
Sword Art Online the Movie: Ordinal Scale,2017,29322339
Recep Ivedik 5,2017,28952258
Judwaa 2,2017,28733523
The Fortress,2017,28645448
What Happened to Monday,2017,27975429
Monster Family,2017,27890108
The Beguiled,2017,27869129
CHIPS,2017,26800152
A Cure for Wellness,2017,26620002
Only the Brave,2017,26351322
Twenty Two,2017,26289378
The Zookeeper's Wife,2017,26152835
The Bride of Badrinath,2017,26134309
A Chinese Odyssey: Part 2 - Cinderella 2017 Re-release,2017,25960664
Love Off the Cuff,2017,25959989
Father Figures,2017,25701244
Fireworks,2017,25672406
Money,2017,25403753
Leap! 2017 Re-release,2017,25376094
The Death of Stalin,2017,24646055
The 8-Year Engagement,2017,24425963
Jolly LLB 2,2017,24214186
I Can Speak,2017,24024444
Wish Upon,2017,23468586
Detroit,2017,23355100
Extraordinary Mission,2017,22757764
The Glass Castle,2017,22088533
Épouse-moi mon pote,2017,21571464
The Prison,2017,21205329
One Hundred Thousand Bad Jokes 2,2017,20460352
Avengers: Infinity War,2018,2048359754
Black Panther,2018,1346913161
Jurassic World: Fallen Kingdom,2018,1308467944
Incredibles 2,2018,1242805359
Aquaman,2018,1151961807
Bohemian Rhapsody,2018,903655259
Venom,2018,856085151
Mission: Impossible - Fallout,2018,791115104
Deadpool 2,2018,734546611
Fantastic Beasts: The Crimes of Grindelwald,2018,655755901
Ant-Man and the Wasp,2018,622674139
Ready Player One,2018,583490172
Operation Red Sea,2018,579330426
Detective Chinatown 2,2018,544185156
Ralph Breaks the Internet,2018,529323962
The Meg,2018,529243742
Hotel Transylvania 3: Summer Vacation,2018,528583774
The Grinch,2018,512453517
Bumblebee,2018,467989645
Dying to Survive,2018,451176639
A Star Is Born,2018,436388866
Rampage,2018,428128233
Mamma Mia! Here We Go Again,2018,395044706
Solo: A Star Wars Story,2018,392924807
Spider-Man: Into the Spider-Verse,2018,375582637
Fifty Shades Freed,2018,371985018
Hello Mr. Billionaire,2018,366961907
The Nun,2018,366050119
Monster Hunt 2,2018,361682618
Peter Rabbit,2018,351266433
Mary Poppins Returns,2018,349537494
A Quiet Place,2018,340939361
Green Book,2018,321752656
Skyscraper,2018,304868961
Ocean's Eight,2018,297718711
Pacific Rim: Uprising,2018,290930148
Maze Runner: The Death Cure,2018,288175335
Tomb Raider,2018,274950803
Halloween,2018,255485178
Crazy Rich Asians,2018,239032921
Smallfoot,2018,217940103
Creed II,2018,214215889
Us and Them,2018,209221380
The Island,2018,198326350
Christopher Robin,2018,197744377
The Equalizer 2,2018,190400157
Project Gutenberg,2018,188116796
The Mule,2018,174804407
The Nutcracker and the Four Realms,2018,173961069
Insidious: The Last Key,2018,167885588
The Predator,2018,160542134
Johnny English Strikes Again,2018,158970776
Red Sparrow,2018,151572634
More Than Blue,2018,142958164
The First Purge,2018,137056262
How Long Will I Love U,2018,136796719
A Wrinkle in Time,2018,132675864
The House with a Clock in Its Walls,2018,131457147
Instant Family,2018,120556201
A Cool Fish,2018,118153135
Game Night,2018,117679066
Dragon Ball Super: Broly,2018,115750445
The Monkey King 3,2018,115084576
First Man,2018,105697415
Book Club,2018,104438188
Night School,2018,103105878
Detective Conan: Zero the Enforcer,2018,101860359
Alpha,2018,99630675
Along With the Gods: The Last 49 Days,2018,97962238
A Simple Favor,2018,97644617
Boonie Bears: The Big Shrink,2018,96845907
The Favourite,2018,95918706
Truth or Dare,2018,95330493
Kill Mobile,2018,94870905
I Feel Pretty,2018,94539426
Blockers,2018,94017294
BlacKkKlansman,2018,93400823
Goosebumps 2: Haunted Halloween,2018,93320380
Shadow,2018,91708374
Overboard,2018,91244913
Sherlock Gnomes,2018,90497778
Detective Dee: The Four Heavenly Kings,2018,90040771
"Hello, Mrs. Money",2018,86874070
Robin Hood,2018,86489031
I Can Only Imagine,2018,86086881
Hidden Man,2018,85170581
Mortal Engines,2018,83672673
iPartment the Movie,2018,81096321
Doraemon the Movie: Nobita's Treasure Island,2018,80920916
Den of Thieves,2018,80509622
Hereditary,2018,80080156
Code Blue: The Movie,2018,78778562
Tag,2018,78230625
Sanju,2018,76693052
Vice,2018,76073488
Widows,2018,75984700
Sicario: Day of the Soldado,2018,75837743
Searching,2018,75462037
The Spy Who Dumped Me,2018,75320680
Animal World,2018,74922830
Amazing China,2018,72506343
Second Act,2018,72282227
Spirited Away 2018 Re-release,2018,70186029
Shoplifters,2018,67999335
12 Strong,2018,67359190
"Love, Simon",2018,66316289
Mile 22,2018,66308758
Life of the Party,2018,65659911
L Storm,2018,64517456
Capernaum,2018,64417003
Isle of Dogs,2018,64241499
Andhadhun,2018,62475342
Adrift,2018,59945012
The 15:17 to Paris,2018,57176286
A or B,2018,56239049
Go Brother!,2018,54663060
Early Man,2018,54622814
Peppermint,2018,53918723
Teen Titans GO! To the Movies,2018,52390236
Slender Man,2018,51738549
Breaking In,2018,51411620
Cry Me a Sad River,2018,51400614
Once Upon a Deadpool 2018 Re-release,2018,51349833
Simmba,2018,51329025
Family is Family,2018,49954866
Death Wish,2018,49562710
The Magic Tuche,2018,47427990
Golden Job,2018,47287851
Mary Queen of Scots,2018,46712809
Uncle Drew,2018,46664414
Acrimony,2018,46403669
Asterix: The Secret of the Magic Potion,2018,46214871
Bajrangi Bhaijaan 2018 Re-release,2018,45579004
Winchester,2018,44019588
Annihilation,2018,43070915
The Possession of Hannah Grace,2018,43016528
Long Day's Journey Into Night,2018,42140994
Overlord,2018,41657844
The Great Battle,2018,41509280
The Darkest Minds,2018,41142379
"Lost, Found",2018,41043552
Holmes & Watson,2018,40466970
Intimate Strangers,2018,39576060
Thugs of Hindostan,2018,39570044
Sink or Swim,2018,39193850
Show Dogs,2018,39156854
Believer,2018,39047153
The Spy Gone North,2018,38844509
On the Basis of Sex,2018,38673750
Taxi 5,2018,38598227
Fat Buddies,2018,37496410
Till The End Of The World,2018,37013733
2.0,2018,36945969
Nothing to Lose,2018,36075317
Mia and the White Lion,2018,35487190
The Girl in the Spider's Web,2018,35164920
The Hate U Give,2018,34934009
Nobody's Fool,2018,33705333
Baaghi 2,2018,33139063
The Hurricane Heist,2018,32517248
All About Me,2018,31920159
Bad Times at the El Royale,2018,31882724
Beautiful Boy,2018,31711319
Hunter Killer,2018,31672678
Super Troopers 2,2018,31626386
The Strangers: Prey at Night,2018,31039126
Gintama 2: Rules are Made to be Broken,2018,30896653
The Way of the Bug,2018,30355804
Clergy,2018,30114115
Ice,2018,29806210
Free Solo,2018,29390279
Dark Figure of Crime,2018,29176133
Pad Man,2018,29045020
Mirai,2018,28756961
Default,2018,27694043
One Cut of the Dead,2018,27590180
The Happytime Murders,2018,27506452
Midnight Sun,2018,27365467
VIP Policeman,2018,27222681
My Neighbor Totoro 2018 Re-release,2018,27083857
The Faces of My Gene,2018,26796279
Badhaai Ho,2018,26125610
Hichki,2018,26055222
Champions,2018,25962612
White Boy Rick,2018,25957482
"Paul, Apostle of Christ",2018,25915966
Keys to the Heart,2018,25375866
Stan & Ollie,2018,24420923
The Witch: Part 1 - The Subversion,2018,24340302
The Accidental Detective 2: In Action,2018,24243825
Killing for the Prosecution,2018,23929620
Pokémon the Movie: The Power of Us,2018,23740788
The Guernsey Literary and Potato Peel Pie Society,2018,23148937
The Crimes That Bind,2018,23144130
New Happy Dad and Son 3: Adventure in Russia,2018,23130469
Padmaavat,2018,22991060
Won't You Be My Neighbor?,2018,22844741
Europe Raiders,2018,22435156
Mojin: The Worm Valley,2018,22381583
Stree,2018,22075730
Avengers: Endgame,2019,2799439100
The Lion King,2019,1656943394
Frozen II,2019,1450026933
Spider-Man: Far from Home,2019,1131927996
Captain Marvel,2019,1128274794
Joker,2019,1078751311
Star Wars: Episode IX - The Rise of Skywalker,2019,1074144248
Toy Story 4,2019,1073394593
Aladdin,2019,1050693953
Jumanji: The Next Level,2019,801693929
Fast & Furious Presents: Hobbs & Shaw,2019,760732926
Ne Zha,2019,726063471
The Wandering Earth,2019,699856699
How to Train Your Dragon: The Hidden World,2019,521799505
Maleficent: Mistress of Evil,2019,491730089
It Chapter Two,2019,473093228
"My People, My Country",2019,450064993
Pokémon: Detective Pikachu,2019,433305346
The Secret Life of Pets 2,2019,431164459
The Captain,2019,417282021
Alita: Battle Angel,2019,404980543
Godzilla: King of the Monsters,2019,387300138
1917,2019,384580017
Once Upon a Time... in Hollywood,2019,377426903
Shazam!,2019,365971656
Dumbo,2019,353284621
John Wick: Chapter 3 - Parabellum,2019,327777335
Crazy Alien,2019,327598891
Knives Out,2019,312897920
Terminator: Dark Fate,2019,261119292
Parasite,2019,258098332
Us,2019,256022707
Pegasus,2019,255863112
Men in Black: International,2019,253890701
Dark Phoenix,2019,252442974
Glass,2019,246999039
The Bravest,2019,245179562
Annabelle Comes Home,2019,231252591
Better Days,2019,225918798
Ford v Ferrari,2019,225508210
Little Women,2019,218843645
The Addams Family,2019,203044905
Rocketman,2019,195320400
Downton Abbey,2019,194694725
Weathering with You,2019,192822685
The Lego Movie 2: The Second Part,2019,192306508
Sheep Without a Shepherd,2019,191602146
The White Storm 2: Drug Lords,2019,189396380
Abominable,2019,188623517
Ip Man 4: The Finale,2019,176345966
Gemini Man,2019,173469516
Spies in Disguise,2019,171616764
Hustlers,2019,157563598
The Climbers,2019,156892866
Escape Room,2019,155712077
Yesterday,2019,154608856
The Angry Birds Movie 2,2019,147792047
Angel Has Fallen,2019,146661977
Ad Astra,2019,127461872
Midway,2019,127390389
The Upside,2019,125852517
Last Christmas,2019,123446172
The Curse of La Llorona,2019,123233739
Looking Up,2019,122994583
Zombieland: Double Tap,2019,122810399
Dora and the Lost City of Gold,2019,120597108
Extreme Job,2019,119932733
Wonder Park,2019,119559110
P Storm,2019,117991727
Detective Conan: The Fist of Blue Sapphire,2019,115448200
The Gentlemen,2019,115171795
Pet Sematary,2019,113118226
Boonie Bears: Blast Into the Past,2019,112367881
Good Boys,2019,111173598
Scary Stories to Tell in the Dark,2019,104545505
Line Walker 2: Invisible Spy,2019,99482027
The Hustle,2019,97409779
The New King of Comedy,2019,95618308
Adoring,2019,94975692
Five Feet Apart,2019,92554209
Crawl,2019,91542097
Rambo: Last Blood,2019,91490353
Jojo Rabbit,2019,90335025
Serial (Bad) Weddings 2,2019,87761988
One Piece: Stampede,2019,81562741
A Dog's Way Home,2019,80708134
A Dog's Journey,2019,78870908
Cold Pursuit,2019,76419755
Cats,2019,75558925
A Madea Family Funeral,2019,74747725
Charlie's Angels,2019,73279888
Doctor Sleep,2019,72381712
What Men Want,2019,72216294
Exit,2019,69501772
After,2019,69497587
Playing with Fire,2019,69412425
A Beautiful Day in the Neighborhood,2019,67925733
War,2019,67179155
Doraemon: Nobita's Chronicle of the Moon Exploration,2019,65406606
Happy Death Day 2U,2019,64600152
White Snake,2019,62098770
Bombshell,2019,61404394
Ashfall,2019,61354854
Ma,2019,61220784
My Best Summer,2019,60011073
Ready or Not,2019,57615777
Jade Dynasty,2019,57149764
The Perfect Secret,2019,56573047
The Big Shot,2019,56040681
Hellboy,2019,55064690
Les Misérables,2019,54606372
Long Shot,2019,53873809
Just Mercy,2019,50901502
Son of a Rich,2019,50803834
Kingdom,2019,50574061
Breakthrough,2019,50444358
Uncut Gems,2019,50023780
21 Bridges,2019,49939757
Song of Youth,2019,49615508
The Grudge,2019,49511319
Little,2019,48987096
Isn't It Romantic,2019,48791187
The Legend of Hei,2019,48507082
Countdown,2019,48021766
Midsommar,2019,47850980
Queen & Slim,2019,47834125
47 Meters Down: Uncaged,2019,47582563
Chasing the Dragon II: Wild Wild Bunch,2019,45733356
Judy,2019,45701880
Child's Play,2019,44907074
Richard Jewell,2019,44645542
Harriet,2019,43347017
A Shaun the Sheep Movie: Farmageddon,2019,43100248
Fighting with My Family,2019,41503392
Masquerade Hotel,2019,40396244
The Last Wish,2019,39756292
Uri: The Surgical Strike,2019,39346577
Overcomer,2019,38026103
T-34,2019,37410850
Pain and Glory,2019,37359689
A Witness Out of the Blue,2019,37092694
The Intruder,2019,36599361
The Queen's Corgi,2019,35515687
Warrior of the Hornor,2019,34291831
The Battle: Roar to Victory,2019,34148707
The Bad Guys: The Movie,2019,34024386
The Good Liar,2019,33856058
The Art of Racing in the Rain,2019,33766787
Brightburn,2019,33224654
Bharat,2019,33185983
Fly Me to the Saitama,2019,32802347
UglyDolls,2019,32450241
Stuber,2019,32390945
Hit Me Anyone One More Time!,2019,32333512
Somewhere Winter,2019,32218990
The Kid Who Would Be King,2019,32140970
Two Tigers,2019,32001580
Anna,2019,31626978
My Dear Liar,2019,31177968
The Wild Goose Lake,2019,31064835
My Hero Academia: Heroes Rising,2019,29971229
Fall In Love At First Kiss,2019,29206238
Gully Boy,2019,28299498
Kim Ji-young: Born 1982,2019,27696393
Pokémon: Mewtwo Strikes Back - Evolution,2019,27347118
Almost a Comedy,2019,26990962
Total Dhamaal,2019,26911995
Missing Link,2019,26565710
No Manches Frida 2,2019,26493648
The Confidence Man JP,2019,26228317
The Confidence Man JP: The Movie,2019,25958189
"The Gangster, the Cop, the Devil",2019,25775371
Bodies at Rest,2019,25293853
Booksmart,2019,24959607
Super 30,2019,24701637
Skyfire,2019,24444590
Start-Up,2019,24106579
Pinocchio,2019,23841090
A Rainy Day in New York,2019,23805899
The Peanut Butter Falcon,2019,23712090
Little White Lies 2,2019,23623665
Ossan's Love: Love or Dead,2019,23422744
Only Cloud Knows,2019,23414998
Dark Waters,2019,23108017
The Farewell,2019,23076657
The Knight of Shadows: Between Yin and Yang,2019,22936257
Black and Blue,2019,22741061
Late Night,2019,22386555
Unplanned,2019,21585326
Crazy Romance,2019,21386368
Shaft,2019,21360215
Hotel Mumbai,2019,21314816
Integrity,2019,21290004
The Secret Mission,2019,21083522
This Is Tomas,2019,20084169
The Specials,2019,19363826
Always Miss You,2019,19015465
An Officer and a Spy,2019,18899214
Crayon Shin-chan: Honeymoon Hurricane - The Lost Hiroshi,2019,18738951
Greta,2019,18653107
The Eight Hundred,2020,461421559
Demon Slayer: Kimetsu no Yaiba - The Movie: Mugen Train,2020,453230408
Bad Boys for Life,2020,426505244
"My People, My Homeland",2020,422390820
Tenet,2020,365304105
Sonic the Hedgehog,2020,319715683
Dolittle,2020,251410631
Jiang Ziya,2020,240646355
A Little Red Flower,2020,216000000
The Croods: A New Age,2020,215905815
Birds of Prey,2020,205358461
Shock Wave 2,2020,198921659
Wonder Woman 1984,2020,169601036
The Sacrifice,2020,161047608
The Invisible Man,2020,144492724
Onward,2020,141940042
Warm Hug,2020,129240236
Soul,2020,121903885
The Call of the Wild,2020,111166669
Mamma Mia! 2020 Re-release,2020,84604815
Caught in Time,2020,80543319
Mulan,2020,69965374
The Yin-Yang Master: Dream of Eternity,2020,68000000
Stand by Me Doraemon 2,2020,65201374
The Rescue,2020,64237554
Love You Forever,2020,60670799
Greenland,2020,52300000
Tolo Tolo,2020,52186426
Vanguard,2020,50866901
Fantasy Island,2020,49447308
Trolls World Tour,2020,49276818
The New Mutants,2020,49169594
After We Collided,2020,47990414
"From Today, It's My Turn: The Movie",2020,47895887
Tanhaji: The Unsung Warrior,2020,45221814
Unhinged,2020,44331465
The End of Endless Love,2020,43950000
The War with Grandpa,2020,43387638
Peninsula,2020,42698327
Monster Hunter,2020,42145959
Underwater,2020,40882928
Bloodshot,2020,39861118
Sarileru Neekevvaru,2020,37389889
The Untold Tale of the Three Kingdoms,2020,36747486
The Confidence Man JP: Princess,2020,36109913
The Man Standing Next,2020,34664900
My Mom is a Character 3,2020,34360029
Doraemon the Movie: Nobita's New Dinosaur,2020,34218525
Deliver Us from Evil,2020,33718703
Harry Potter and the Sorcerer's Stone 2020 Re-release,2020,31503136
Honest Thief,2020,31220247
Like a Boss,2020,30399490
The Witches,2020,29303571
Bath Buddy,2020,28700000
Scoob!,2020,28588425
Ala Vaikunthapurramuloo,2020,28477890
Emma.,2020,26404660
Leap,2020,25818882
Gravity 2020 Re-release,2020,24857278
The Father,2020,24048935
Poupelle of Chimney Town,2020,22715146
Gretel & Hansel,2020,22304357
Moana 2020 Re-release,2020,21737046
Stigmatized Properties,2020,21276720
Pokémon the Movie: Secrets of the Jungle,2020,21097921
The Photograph,2020,20690779
Threads - Our Tapestry of Love,2020,20474270
Violet Evergarden: The Movie,2020,20339624
Brahms: The Boy II,2020,20311536
Interstellar 2020 Re-release,2020,19990000
Ice 2,2020,19788995
Soul Snatcher,2020,19561221
The Turning,2020,19428166
Fate/stay night [Heaven's Feel] III. spring song,2020,19252497
Promising Young Woman,2020,18854166
Takizawa Enbujo Zero,2020,18091395
Freaky,2020,18073433
The Promised Neverland,2020,17710977
Kaiji: Final Game,2020,17645779
Hitman: Agent Jun,2020,17601351
Digimon Adventure: Last Evolution Kizuna,2020,17361009
Bye Bye Morons,2020,16955924
Baaghi 3,2020,16726510
I Still Believe,2020,16069730
The Way Back,2020,15490514
Father There is Only One 2,2020,15373181
The Personal History of David Copperfield,2020,14399270
Nightlife,2020,14308789
Pawn,2020,14193957
The Post 2020 Re-release,2020,13995207
#Alive,2020,13432212
Howling Village,2020,13394556
Come Play,2020,13182254
Samjin Company English Class,2020,12761386
Another Round,2020,12745392
News of the World,2020,12668325
Collectors,2020,12640113
Shinchan: Crash! Scribble Kingdom and Almost Four Heroes,2020,12221804
Ducobu 3,2020,12157793
The Asadas,2020,11888743
Wotakoi: Love Is Hard for Otaku,2020,11702371
30 jours max,2020,11007713
Bigfoot Family,2020,10987975
The Voice of Sin,2020,10983063
Two by Two: Overboard!,2020,10885076
Let Him Go,2020,10835686
One Second,2020,10791301
Me contro Te - Il film: La vendetta del Signor S,2020,10779891
Impractical Jokers: The Movie,2020,10691091
Honest Candidate,2020,10597464
The Hunt,2020,10550350
Street Dancer 3D,2020,10339127
My Spy,2020,10200000
100% Wolf,2020,9766489
Stolen Identity 2,2020,9687188
Inception 10th Anniversary re-release,2020,9581100
10 Days with Dad,2020,9472077
Secret Zoo,2020,9471940
365 Days,2020,9458590
Okay Madam,2020,9433525
L'appel de la forêt,2020,9317347
The Closet,2020,9039424
Malasaña 32,2020,8968845
Break the Silence: The Movie,2020,8954345
I Hate Summer,2020,8926071
Downhill,2020,8899195
Les blagues de Toto,2020,8859185
The Secret Garden,2020,8721243
War of the Eltis,2020,8613864
Malang,2020,8399765
Your Eyes Tell,2020,8020474
"My Donkey, My Lover & I",2020,7974769
AI Amok,2020,7932191
The Lost Prince,2020,7837980
Antebellum,2020,7792716
The Marriage Escape,2020,7760946
Spirited Away Studio Ghibli Fest 2020,2020,7732697
Princess Mononoke Studio Ghibli Fest 2020,2020,7673800
The Heist of the Century,2020,7627100
De Gaulle,2020,7501454
Fukushima 50,2020,7494243
The Best Years,2020,7355020
Mamma Mia! Here We Go Again 2020 Re-release,2020,7225624
Bohemian Rhapsody 2020 Re-release,2020,7158262
The (UN)perfect Guy,2020,7154649
Spycies,2020,7128952
Back to the Wharf,2020,7090000
Adu,2020,7085946
Fatale,2020,7031289
Dragon Rider,2020,6977378
Jim Button and the Wild 13,2020,6933267
Psy 3: W imie zasad,2020,6725146
Blood Moon Party,2020,6709383
Innocence,2020,6688330
Shubh Mangal Zyada Saavdhan,2020,6574905
Chhapaak,2020,6532100
"Love Me, Love Me Not",2020,6494241
Hammamet,2020,6434874
Lindenberg! Mach dein Ding,2020,6404964
Midnight Swan,2020,6397065
Nausicaä of the Valley of the Wind 2020 Re-release,2020,6395525
Simply Black,2020,6323750
My Boyfriend's Meds,2020,6292780
Bill & Ted Face the Music,2020,6274027
Hotel Belgrade,2020,6189882
How to Be a Good Wife,2020,6033430
The Legacy Of Dr. Death: Black File,2020,6024046
A Piece of Cake,2020,6008448
The Rhythm Section,2020,5989583
How I Became a Gangster,2020,5975729
The Innocent,2020,5929392
Twiceborn,2020,5880157
The Royal Bride,2020,5830719
Beasts Clawing at Straws,2020,5796059
The Lion King 2020 Re-release,2020,5773266
Last Letter,2020,5663972
Yowamushi Pedal: The Movie 2020 Re-release,2020,5624218
Hocus Pocus 2020 Re-release,2020,5609193
Klassikokkutulek 2: Pulmad ja matused,2020,5543147
Mama Weed,2020,5461144
Divorce Club,2020,5316313
Cats & Dogs 3: Paws Unite,2020,5300000
Cindy La Regia,2020,5222322
Run,2020,5184368
Love Aaj Kal,2020,5120794
Masked Ward,2020,5107013
Ayyappanum Koshiyum,2020,5088713
Baba Parasi,2020,5084342
Die Känguru-Chroniken,2020,5081127
The Real Exorcist,2020,5035830
Mayday,2020,5011408
Bheeshma,2020,4997080
Made in Abyss: Dawn of the Deep Soul,2020,4971635
Godai - The Wunderkind,2020,4948225
Military Wives,2020,4890505
Panga,2020,4886124
The Tales for Old and Young,2020,4853143
Streltsov,2020,4850073
Persian Lessons,2020,4849240
The SpongeBob Movie: Sponge on the Run,2020,4810790
